{"loss": [11.48590087890625, 9.150106430053711, 8.478255271911621, 7.966167449951172, 7.423296928405762, 7.039750099182129, 2.6014184951782227, 2.089836597442627, 1.9480087757110596, 1.7143259048461914, 1.6059468984603882, 1.468701958656311, 1.4159034490585327, 1.3240708112716675, 1.2967106103897095, 1.1545599699020386, 1.146626591682434, 0.6749089360237122, 0.6327013373374939, 0.5908991098403931], "accuracy": [0.45028653740882874, 0.6259467005729675, 0.682448148727417, 0.7157440781593323, 0.7413363456726074, 0.7598392963409424, 0.8802505135536194, 0.8901399970054626, 0.8934837579727173, 0.8991315364837646, 0.9037750363349915, 0.9065516591072083, 0.9084421396255493, 0.9087729454040527, 0.9109115600585938, 0.9162048697471619, 0.9156731963157654, 0.9428132772445679, 0.9461215734481812, 0.9480120539665222], "val_loss": [8.204861640930176, 6.225449085235596, 5.537286281585693, 6.579564571380615, 5.988857746124268, 6.371753692626953, 2.647221326828003, 2.150669574737549, 2.5205705165863037, 2.2228808403015137, 1.9201648235321045, 2.051569938659668, 1.7634546756744385, 1.4329129457473755, 2.132603168487549, 1.8216161727905273, 2.0112648010253906, 1.1538347005844116, 1.3230159282684326, 1.3003215789794922], "val_accuracy": [0.620312511920929, 0.7281249761581421, 0.7515624761581421, 0.785937488079071, 0.7875000238418579, 0.801562488079071, 0.871874988079071, 0.885937511920929, 0.8687499761581421, 0.901562511920929, 0.8968750238418579, 0.879687488079071, 0.910937488079071, 0.9078124761581421, 0.903124988079071, 0.901562511920929, 0.871874988079071, 0.9312499761581421, 0.9078124761581421, 0.9156249761581421], "lr": [